segment_id,name,distance,average_grade,maximum_grade,elevation_high,elevation_low,total_elevation_gain,start_latitude,end_latitude,start_longitude,end_longitude,climb_category,city,state,country,effort_count,athlete_count,athlete_segment_stats,map
748,Green Mtn. S.Side,3190.95,6.0,19.1,2079.7,1886.4,202.948,39.688491,39.701016,-105.156764,-105.176728,2,Lakewood,CO,United States,16911,4002,"{'effort_count': 2, 'pr_elapsed_time': '0:25:23', 'pr_date': '2014-02-27'}","{'id': 's748', 'polyline': 'atfqFxly`SILQLI?a@UG@KDg@b@UNU\\DD\\Md@FD\\?r@JX\\Rb@jAHb@Ft@G@Q]QI]O[IYFQ~@WhDOl@YJe@C[So@g@UMKNe@tAcAxBYNk@H]K]_@GDDZ\\t@^b@Tf@A`@Y|Ak@~@{@z@SXu@n@m@TBRT`@I^g@lAHN|@AfASh@FVZPb@Rr@@LNb@@Zc@r@Ob@Il@Er@OV_@?m@IYJa@Xk@Fa@EmBe@c@?YH[La@XO^If@CrAQFGCs@k@s@Y_@D{@f@Wj@k@jCWf@WJsBYy@Ck@XyAfA_BrAa@N}@tAiA`BsExHw@lBmBjEWp@[lAYlBg@hD[`CDZ?zBBt@FP', 'summary_polyline': None}"
763,Kerr Gulch,6776.05,4.4,12.2,2378.8,2081.9,301.852,39.660513,39.693321,-105.291082,-105.33811,2,Evergreen,CO,United States,12236,2716,"{'effort_count': 1, 'pr_elapsed_time': '0:32:50', 'pr_date': '2016-06-21'}","{'id': 's763', 'polyline': 'eeaqFhtsaSmBdCSh@Mj@aAdDU`@c@d@Yd@[jASlAk@nAORk@l@}@f@_Bd@YVo@`AoCdFgBrCaAfAqDhBo@b@k@f@mEzFaCzBcAjAqAbA}@dAsCfEgDdDo@\\sAR{@j@GHSb@Gx@L~CD~BIpBCVo@fB{@vA{CpDoA`Bs@tAq@~AaAdB_CvByAdBcBzAa@lAi@lCUpBa@vFMlAU`Am@`AGP]|AUtAS`Ba@~Bk@tAq@pAu@dB_A`Cc@tBuAvE_@dBq@nEKtAg@hKUjB[hAm@tA_BfDm@x@iCrCgA|@gA\\oDn@_ET{@@i@Om@]m@Om@LaAt@g@d@e@`AOrA_@nAu@p@kA|@}@hAKRQl@KzA@`AKhAi@zAaB|GkApCu@rCDp@VZn@RlBAf@RJd@?Zi@~DM~@Oj@]j@e@Z}@A{BhAg@N[Ss@{BeCeFg@a@aAi@o@Uq@OY[E{BUmAE_Ah@cACa@SOo@H_@RUROXWdAJn@Vx@Bt@Mn@Od@Sh@OH', 'summary_polyline': None}"
771,Lair of the Bear S to N,1094.14,7.4,16.0,2232.3,2151.2,82.338,39.652934,39.65881,-105.277893,-105.277769,1,Morrison,CO,United States,42221,9844,"{'effort_count': 8, 'pr_elapsed_time': '0:09:23', 'pr_date': '2014-07-31'}","{'id': 's771', 'polyline': 'yu_qFzaqaS?{@PURMTCDCZYJSGUy@Q]WUG_@L[`@Od@[No@Ti@JcA?WdA[d@c@V]CSIo@x@MZSVo@h@o@t@]PS@Y?SEMMYi@y@c@S@UJK?o@`@g@b@o@Zy@n@o@X_@i@s@[[[QUM_@H_@Rs@X{AGk@', 'summary_polyline': None}"
786,Waterton Canyon-CO Trail,2668.04,8.5,16.2,1999.5,1772.1,226.746,39.434727,39.423852,-105.122909,-105.121006,2,Sedalia,CO,United States,17098,4374,"{'effort_count': 1, 'pr_elapsed_time': '0:26:53', 'pr_date': '2017-10-07'}","{'id': 's786', 'polyline': '_buoFdyr`Sh@kBbBiFTk@Xe@f@a@^Cl@Lh@Df@Ib@Wx@}@l@Qr@Od@Uj@o@Tk@Nq@Pe@\\[^MNAZDHJPG`@E^JbA@PJRZVZFB\\?RA\\^b@VVBNHh@[n@MXU`@IVLFZN@PO^PNMJEHG|@Q`@FDAf@JVVZJFCXm@BKVWXMJYXc@Ba@Ae@Ee@DI\\dB?LM`@I^Qd@S^BFf@s@Pe@PYHEDQAeAFm@PK\\JL?DMK{@Fc@HSEKOCSUAODHPDZCRN@VE`ALNH`@^b@XRARWR_@?SBMLFBPCVFf@Db@YVWBKI]SSSYA_@G[D[L_@C_@K]?YY_@FEPP`@tAAh@@XL^VRRd@X^?`@Wx@CTQ^Ox@u@l@ILC\\Pf@PRHXHhAJr@Rr@RA', 'summary_polyline': None}"
861,Shinglemill,2565.27,5.6,16.0,2298.6,2153.9,158.408,39.366465,39.352886,-105.300981,-105.295729,1,South Jefferson,CO,United States,6663,2745,"{'effort_count': 8, 'pr_elapsed_time': '0:16:53', 'pr_date': '2016-05-14'}","{'id': 's861', 'polyline': 'kwgoFdruaSIu@?a@Do@TeAZa@NJBFCh@Ff@HBHA^Tb@j@d@RNCFYLQPE`@Bb@b@\\Jv@At@y@`@Qn@e@\\GPBXNF\\Ab@L\\XJl@?^Fr@NXTN?VFl@d@Vd@NPDLRPJPC^YN]JGXDr@Fh@Tz@p@~@V@ZQZ_AFM^WVc@Ts@Za@~BqAXELoBPq@Ti@Fc@P[l@F@UCQAm@Iu@GYEs@Nq@Rq@Aq@Na@DCRLXtAPl@`BrCF@\\g@TDX^PDZSHgALS^QHITc@PgBb@}Ad@k@^Sf@RH\\TXVF^UP_@C[PeA\\Wv@Wd@Kb@U^_@Jm@R_@h@g@ZD^Cd@?b@X^UDGX?FB^HTc@Rq@', 'summary_polyline': None}"
1015,Genesee Dirt I-70 connect,3344.48,3.3,6.0,2459.2,2348.2,118.5,39.710922,39.697284,-105.314212,-105.289264,1,Golden,CO,United States,2066,573,"{'effort_count': 1, 'pr_elapsed_time': '0:17:11', 'pr_date': '2016-06-21'}","{'id': 's1015', 'polyline': 'g`kqFzdxaSL}CDu@R_Af@mAVy@Fg@?g@KuAFw@`@cBTo@b@y@Tk@Ns@zAaEd@cBb@mAx@mB\\m@nA_Al@}@pA_Cd@WjASp@Iv@Q|@Yd@Wx@k@d@Yj@SxBo@r@[h@_@zBsBv@k@LGNEj@?|Bl@d@Bd@E`@Mh@u@HQPaADm@@{AF[d@mBBg@QuDRqA\\y@d@i@XYp@c@f@c@Xk@\\}ABm@AUYwAcAmDQqANqAhAcFl@o@d@?h@TdAvAh@PfAc@`@A\\PXZTLXFp@Cd@QX]Pu@t@sI`AeBLq@?oB[yCw@eGUQg@Aw@B', 'summary_polyline': None}"
2813,San Joaquin Climb (Cat 4),1932.86,4.8,8.3,184.6,91.1,92.45,33.607171,33.60743,-117.854724,-117.834457,1,Corona Del Mar,CA,United States,39121,6083,"{'effort_count': 1, 'pr_elapsed_time': '0:11:06', 'pr_date': '2014-11-28'}","{'id': 's2813', 'polyline': 'y{blE`oinUA}KKuGa@oEGeFJ}D^yCdDkTr@sFRaGBkEGmIq@eHaBcHkAmDq@_B', 'summary_polyline': None}"
2819,Santiago Canyon Rd,2289.69,4.1,5.9,419.0,324.8,91.728,33.68402,33.69848,-117.620633,-117.636266,1,Silverado,CA,United States,136281,12582,"{'effort_count': 1, 'pr_elapsed_time': '0:13:29', 'pr_date': '2014-04-20'}","{'id': 's2819', 'polyline': 'a|qlE~w{lU_C@}BHcGz@oAVmC|@oCjBcCnD_DjJeBpFkBrC{BdByCnBk@f@_E|EaChD}BvFoBtDiBbByChBmBvAiCnDyA`F_@|C', 'summary_polyline': None}"
2907,Galbraith 2,1583.8,6.1,899.9,416.8,311.2,100.271,48.726444,48.724762,-122.417702,-122.409035,1,Bellingham,WA,United States,3228,1138,"{'effort_count': 1, 'pr_elapsed_time': '0:18:34', 'pr_date': '2018-07-17'}","{'id': 's2907', 'polyline': 'g{khHtudjVDGG?@CD@s@Dk@OWU[a@RUT?V@XTVQFOPMBIo@CYOYCMUG@c@KSBa@E_@SACDOh@QTA\\ZL@FLTSP_@PGTAAi@FAVJ\\KJ[t@WBWPMLEb@A|ADXAx@[V?XEPIPQ^Sr@{@v@W\\GTMT[HYBcALYL?TITc@\\aA~@gDx@oBZi@D]TYFQASGJCK?IGAUSYMEMa@Q_@?u@Y_A{@{@gA[Yu@}@_@g@WUoAs@]Ga@Q', 'summary_polyline': None}"
2909,Galbraith 1,1847.32,6.2,15.8,513.8,397.0,114.808,48.709856,48.707356,-122.406392,-122.391795,1,Bellingham,WA,United States,55362,7558,"{'effort_count': 2, 'pr_elapsed_time': '0:15:06', 'pr_date': '2018-07-16'}","{'id': 's2909', 'polyline': 'qshhH~nbjVMe@?a@Y}AMmAIqAS}AO}@w@qAQe@Qg@G[Em@AuAFiBQuC?cEKmBGo@A]Fi@Pm@`@s@RW\\Gl@?f@LdBz@j@R~@FlA@fACVBl@Z\\Xf@h@`@X`@Ld@Fr@Ep@Mz@Y|Ak@\\_@BOEF?LHCDo@LcABcDUcC[mBO}AMq@a@{AK[_@q@IYQeAWi@[_@a@_@[c@M[OyBDwAEo@_@c@Sa@@C', 'summary_polyline': None}"
2911,Galbraith,963.774,10.0,42.2,561.5,464.0,96.329,48.70564,48.708208,-122.399019,-122.392633,1,Bellingham,WA,United States,50016,6595,"{'effort_count': 2, 'pr_elapsed_time': '0:10:21', 'pr_date': '2018-07-16'}","{'id': 's2911', 'polyline': 'gyghHz`ajVVgBHuA?}AMeBm@aEMqBE_@_@i@O_@c@}Ao@_Bg@c@e@i@MWOi@Ca@FgA?k@Gm@Se@Q[GQ[UGI`@D?@a@VG`@NrBG^GTA^Ib@c@bAYZQFMMBAC_@LqAB}@M[SEOLBFFCGGTXQUBHDCKGFFCGCW', 'summary_polyline': None}"
103937,Kokopelli Trail - first climb,1637.02,5.2,13.7,1439.9,1354.4,88.421,39.174867,39.169844,-108.829315,-108.844631,1,Fruita,CO,United States,44188,16040,"{'effort_count': 7, 'pr_elapsed_time': '0:09:03', 'pr_date': '2014-10-25'}","{'id': 's103937', 'polyline': '{ibnFfvfwSn@EVh@FXJPBVxAbGHfAIzAY|DNfBBLPd@XNRf@`@vAz@f@ZV~@RVhAN|@CrB^tAVzFW`Cm@b@UV]~B\\dB|@zE~AnBdCrCjAzA|@bBhArCdAbC', 'summary_polyline': None}"
134907,Waterton-Indian Creek,4378.83,6.2,21.7,2352.0,2081.4,279.743,39.398295,39.38379,-105.112057,-105.106758,2,Sedalia,CO,United States,2851,1078,"{'effort_count': 1, 'pr_elapsed_time': '0:55:39', 'pr_date': '2017-10-07'}","{'id': 's134907', 'polyline': 'i~moFjup`SxAe@n@FXA|Co@ZAt@Bh@MnAf@TBp@d@XD\\?LERDF?PAb@S~@Wx@gAr@DdATdAY`A_@hAK|AQl@ABG^UH@FAN@DDRd@KdB@VdAlC?VJLnAJjABNAdBJ\\HJJT@VN`AFLQz@InA@NEPKbAUf@?d@Q@GZ_@F?MOu@QLKTK~ALlA^pADnAJXHz@B`AXhABlA[JIDIF_@v@_At@s@j@OH]t@iAPa@TY`Aw@n@eALi@Vo@t@eArA_ApBcCfAeDt@_AhBkC|@mDB}AAcBRyDAWHK?U}@}D_@sA]uAO{AD{AMG_@TQ]}AzAkAXa@d@C^PPXx@D\\qAzAg@h@g@Va@jBc@l@GD@Nf@GVA^JiAXgBl@iAVa@AVj@`Bf@DP{@T}@lBFN@zAk@hAc@b@w@N_@^YRk@FYM@c@', 'summary_polyline': None}"
402757,Newport Coast (Easy side),2843.99,4.0,23.1,183.3,69.8,112.474,33.6323073,33.6089311,-117.8308219,-117.8259667,1,Irvine,CA,United States,24577,3466,"{'effort_count': 1, 'pr_elapsed_time': '0:16:36', 'pr_date': '2013-12-29'}","{'id': 's402757', 'polyline': '{xglEtydnUhCIr@?n@Ez@Cx@Dn@Hj@Jf@Nz@Zb@Tx@p@h@\\dBdBt@j@v@v@LJLDZKhJoNfA{A|@aAlAcAnAw@dBu@hAc@l@Kb@W~Ae@pIeDj@Cd@IxAu@rAg@lAYhBWbBKpBGzi@eAxBArABrAFz@J', 'summary_polyline': None}"
413121,Newport Coast Road (West Side),2770.85,5.6,10.6,200.1,46.3,151.888,33.5839993,33.5989484,-117.8476897,-117.8338178,1,Newport Beach,CA,United States,95820,10697,"{'effort_count': 1, 'pr_elapsed_time': '0:15:29', 'pr_date': '2013-11-05'}","{'id': 's413121', 'polyline': '}j~kE`chnUOWc@sA[mAUqAMoBCwA@s@J}AJy@lDcSNgBFuA?kAE_BKwAOkA[cBq@wBeA{Bm@aAs@}@{@y@_As@o@a@gAg@{@YeAWyASaAEwA?ei@lAkCDi@Cw@@cCW}@QuBk@sBw@WMaBgAs@k@EI', 'summary_polyline': None}"
438773,Collarbone to Mack Ridge,1905.19,8.8,22.5,1568.1,1399.7,170.339,39.219156,39.208296,-108.883415,-108.891207,2,Mack,CO,United States,556,420,"{'effort_count': 1, 'pr_elapsed_time': '0:24:23', 'pr_date': '2016-03-22'}","{'id': 's438773', 'polyline': 'u~jnFjhqwSIf@@^N`@^Rv@VhADXTTDXGXMx@s@XOJNAhAH\\VLpBX\\TnApAzDlCtA|@r@XrA|@`@PdAJr@d@rAf@r@\\VX^fAF^JzA?p@Nd@Th@Jl@@^SzAGr@Br@Hv@Rl@^Xr@V^b@Gn@o@x@Ip@HhBDT`@`@b@CNIZUR[H[EiAPQ\\GjA?h@N`BMj@WzAeALE~AgA', 'summary_polyline': None}"
589769,Borrego/Mustard,3417.68,5.7,25.0,449.1,253.4,207.164,33.683236,33.6963032,-117.6626862,-117.6407394,2,Foothill Ranch,CA,United States,169322,10670,"{'effort_count': 1, 'pr_elapsed_time': '0:27:28', 'pr_date': '2014-04-20'}","{'id': 's589769', 'polyline': 'ewqlEx~cmUYi@[[a@[[c@e@eAm@ESIa@Ey@i@i@g@g@{@Qg@Iu@iAaD]a@_@Qs@Qa@Yw@mA[Qk@Mc@a@aB[k@GcAPgCGkABgBS[U[_@g@gBc@_@w@kAQa@SmA_@s@MGg@o@G_@Y]E]DUWYm@cAIYUUOGWOEa@[k@?aAG_@KYSSg@Y_@YCGWG[Oq@K_Bo@UAs@[YGa@i@YIc@F[?OOQe@E[Se@SUqAWaAk@]Ca@Hg@UmADSIEW@m@SKm@Ve@Aa@Y]i@WqAUIGSi@c@_@MY[Om@?e@Ec@UWQ_@Fo@KS_@[K_@JuAFi@^cB@]ImAHw@Bw@Sk@?]NUJg@?a@D]fAsA^k@TU~@k@NUJ[NSNMR?dAXZCVSn@kAv@mBH]JgA@c@Iy@F[d@c@NQ@]', 'summary_polyline': None}"
609371,Lookout Mountain (Gate-BB Grave),7361.19,5.4,31.1,2230.3,1843.0,0.0,39.740329,39.731674,-105.227683,-105.239256,3,Golden,Colorado,United States,184889,19778,"{'effort_count': 6, 'pr_elapsed_time': '0:33:14', 'pr_date': '2016-02-13'}","{'id': 's609371', 'polyline': '_xpqF`hgaS\\QHDFJCNSb@Ul@Q`AY|BA\\Dl@Rt@PdA@f@E\\IRKJuAr@UXSr@SpAYr@U\\o@r@yAdAw@p@gAlAS^Kb@An@Jx@Nz@?h@SVIBa@EcBy@g@Oq@Ac@Je@^S`@G^?v@Bj@R`B@ZKZKB[C{@g@a@Oa@I]A]Bk@R_@\\{@nAYXSNa@LaACWHGDU\\Mj@EvAKd@[`@UDcC@_@Dk@PUNOPIN]hAm@xAEN@~@NxAHb@P^x@hAXv@XdBNnAB|@Eh@]bBI~@CvAO|B?HJ^H@Z[p@iEb@gBFg@D}ABERAHV@n@Ct@GvAOnB@LPVJ?RODYHwAh@wCDq@@g@C_AQu@eAcBQi@Gg@@oAFe@HUVWXGn@Bl@@XIbAo@VIZAn@Db@EZQnAiA\\SRGZC`@@ZFzAXh@PPNZd@^^\\NnA^XFZ@\\OJKz@_B`@WPAJ@NDx@t@|Af@`@`@Vp@FTnA|GRp@Xh@pAlAX`@ZZRFV@^El@QTCJ@\\JdAz@`@`@V^x@tA\\r@xApDX^LHLBJ?VGPM`AeAf@e@p@e@d@Sd@?pANfDVpAArAI\\?JL@LEHKJYDm@Ec@BM`@JPVHr@A`@BDF@PEJSJq@Ae@I]CwBFoBPWFW`@?LHPVLT?fAM`@@d@LzAz@VFZBn@Cr@Un@_@hBoBZ_@Rk@Jo@L{BLs@HWLSn@e@LMHg@Si@u@s@i@]uAo@]WK]IiBWgBDe@Z{@?g@GKSQm@S_Ag@cBc@U[C_@H{AHe@N]jCoDh@m@POVKTGt@Ah@Br@JPFHHXf@DRBPAr@ShCCp@@h@', 'summary_polyline': None}"
609567,The Luge w/Climb at the End,1955.38,-10.0,19.6,633.6,437.1,21.6296,33.6942651,33.6864254,-117.5966073,-117.6051856,0,Silverado,CA,United States,94569,9791,"{'effort_count': 1, 'pr_elapsed_time': '0:16:41', 'pr_date': '2014-04-20'}","{'id': 's609567', 'polyline': 'c|slExawlUZ_@p@i@b@W^CZ[VMXILCl@JJ?|@Vv@\\HTDbALd@E^?ZNn@XJHXCl@Yb@Kh@?\\Pn@\\h@RYZQPPEt@_Ab@FRRCZ?ZVl@FHFb@p@F`@N^ZTP?XRNb@Fb@VBXAd@d@ZJ`@Il@CZ\\lA`@XAXK`A`@r@p@V`@POXGJi@Xy@NMXJL`@AdAHj@TP?HS?CJ\\TMJELv@h@Xp@WD@BJh@B^TX`@Pd@ZBRWZOFYB_@LEFBdALp@Br@At@ODOAA@Kb@Jr@LJt@]DG', 'summary_polyline': None}"
609684,Rockit DH,2091.24,-7.6,6.1,238.5,79.9,8.65161,33.5770336,33.5645743,-117.7554736,-117.7461833,0,Laguna Beach,CA,United States,82477,10282,"{'effort_count': 2, 'pr_elapsed_time': '0:09:57', 'pr_date': '2016-04-22'}","{'id': 's609684', 'polyline': 'm_}kEvbvmUHm@\\_A|@qBdAeAz@_@dAq@zAsBj@mAp@y@n@KdAFRDh@Dd@CnAD\\B~Ab@J?vAOrAAr@Qz@_@PCbADn@C~@ObA?n@ONWH]HMr@s@NY^UdBm@TE^Q|@s@j@w@Dm@HKNDZK^SXk@NOTg@DUEI@QPMj@SVa@RQX_@JGn@m@fAe@XBlA[d@AREHWDGh@GTK`@EX_@d@[v@WLW?MFsASUi@@gAEg@K}Au@', 'summary_polyline': None}"
611307,Borrego Trail (Whiting),2362.35,3.1,20.5,323.1,245.8,118.723,33.6818043,33.6973845,-117.6644828,-117.6508013,0,Foothill Ranch,CA,United States,174512,11006,"{'effort_count': 1, 'pr_elapsed_time': '0:14:51', 'pr_date': '2014-04-20'}","{'id': 's611307', 'polyline': 'gnqlE`jdmUQUCMk@gAWg@]a@iBwAQWUe@o@iAgAcAS]Yq@SOW@_@MQAa@ScAcAc@k@_@u@K{@_@{@Ou@OYq@{@oA]kAaBsAg@[YiB_@_@CU?UHi@Fg@IwDC_AKk@e@iA}BGGSI_@m@QS[o@McAQm@]]OSUa@GWU[G[BOa@e@y@iBg@OOg@S}@E_A@a@c@m@YYe@SACe@OUM}@IcBo@a@Cm@_@QCSY[Ya@Ac@NSSQg@K]C_@EUoAKc@QiAm@a@DOH[Mg@Gc@@_@EGY', 'summary_polyline': None}"
611309,Cactus Hill Trail,755.031,-8.0,17.6,435.6,366.9,8.17126,33.6956376,33.693404,-117.6408231,-117.6346847,0,Foothill Ranch,CA,United States,190388,10045,"{'effort_count': 1, 'pr_elapsed_time': '0:04:19', 'pr_date': '2014-04-20'}","{'id': 's611309', 'polyline': 'udtlEdv_mUFSB]Cc@b@y@Na@T{@Hm@JqACg@Je@H{@Pq@LcA^oADw@`@m@r@u@\\?BTIP@PPMx@qAXGA]OS@]PQ`@}@NsAKoA', 'summary_polyline': None}"
611901,Modjeska Grade (Road),714.16,10.5,16.6,498.1,423.1,72.0989,33.6972409,33.7025318,-117.633018,-117.636422,0,Silverado,CA,United States,112842,11175,"{'effort_count': 1, 'pr_elapsed_time': '0:08:08', 'pr_date': '2014-04-20'}","{'id': 's611901', 'polyline': 'wntlEje~lUa@A]Ja@Z}@hBWXUJqBh@a@L[P{AlAWRYd@Qb@YnAQX_@Ng@?e@Og@G[@}@L_AV{@X_@TkAbA', 'summary_polyline': None}"
612145,Newport Coast (Easy side),2340.29,4.0,6.0,183.2,89.4,92.331,33.629074,33.610252,-117.83128,-117.825753,1,Irvine,CA,United States,29373,3783,"{'effort_count': 1, 'pr_elapsed_time': '0:13:47', 'pr_date': '2013-12-29'}","{'id': 's612145', 'polyline': 'udglEn|dnUVp@jBdCl@p@p@b@hAKjJsN\\e@rB{Bt@o@d@W~Ao@tBcA~BaAzQyGp@QhCi@hD[~FIve@aAz@?', 'summary_polyline': None}"
612733,Turtle Ridge - Newport Coast (Backside),3014.81,4.0,6.3,189.3,69.5,119.241,33.63355,33.608762,-117.830894,-117.826051,1,Irvine,CA,United States,28860,3880,"{'effort_count': 1, 'pr_elapsed_time': '0:17:10', 'pr_date': '2013-12-29'}","{'id': 's612733', 'polyline': 'u`hlEbzdnUtMa@|ACnAJ`APhA^hAl@HLfAz@fBjBZTjAhA^LXQdKwOn@y@rBmBn@a@xBmA~Am@ZCv@[NKtDsAvJuDf@GpCw@zAUdBO`o@qAvA?vADt@D|B^', 'summary_polyline': None}"
613076,Organ Pipes,968.048,9.2,155.8,285.6,196.7,91.3252,33.5933845,33.5993408,-117.8012902,-117.794988,1,Laguna Beach,CA,United States,11847,2773,"{'effort_count': 4, 'pr_elapsed_time': '0:08:30', 'pr_date': '2015-11-28'}","{'id': 's613076', 'polyline': 'se`lE`a_nU?WGSBCGDNE?BD?BE@Gg@mAk@kAa@kAIYGg@GUIeAGY_@yAW]q@o@Yk@c@o@OMG?HCCDM@eBk@m@Im@MmBu@wBwA_@]SYi@g@mAy@aBo@s@e@q@]q@e@', 'summary_polyline': None}"
616401,"07/04/10 Laguna Beach, CA",1237.3,6.8,34.8,258.1,174.2,99.16,33.5948296,33.6024591,-117.7759413,-117.7811668,1,Laguna Beach,CA,United States,44919,5647,"{'effort_count': 2, 'pr_elapsed_time': '0:08:38', 'pr_date': '2014-11-28'}","{'id': 's616401', 'polyline': 'un`lEtbzmUQGKNU|@ONo@\\YJ_@@WN]fA]LqAnAUn@]fBSl@U`@mCtCg@b@a@b@qA|A[f@a@z@i@n@m@Ra@RUXWTSBMCKKGQQA}@v@OX_@d@{@TSHUNST[r@UJUIYEQ@mA_@QM?k@JeAAg@MWi@c@', 'summary_polyline': None}"
616934,No Dogs,1207.8,8.1,13.4,162.6,64.5,97.093,33.566822,33.5733221,-117.8196396,-117.8143695,1,Laguna Beach,CA,United States,11649,2825,"{'effort_count': 4, 'pr_elapsed_time': '0:10:11', 'pr_date': '2015-11-28'}","{'id': 's616934', 'polyline': 's_{kEvsbnUFc@?y@[wAAc@DcBD{@@{@E[Wo@AYBq@E[O]cAcAU_@?EJS^c@KW}@k@SS]{@]K{@Iq@[OSAgAOa@WS[O[I_@EcABc@F}@Bg@Na@BWE[DUTy@l@oACc@I]B_@VY`@a@Tc@Fk@B[C]Oe@a@', 'summary_polyline': None}"
619844,Newport Beach - Ridge Park Rd Ascent to Signal Peak,1642.94,10.7,27.3,342.1,166.1,192.22,33.6055436,33.6064246,-117.8270689,-117.81042,2,Newport Beach,CA,United States,32336,4003,"{'effort_count': 3, 'pr_elapsed_time': '0:13:10', 'pr_date': '2015-11-25'}","{'id': 's619844', 'polyline': 'sqblEdbdnULSXgAL{@RaCl@{MEmAOcAUy@a@y@e@o@oBoBe@q@Yk@[gAM{@CoAD}@nB{MBaACkAKaA_AgF_@mCQgCGaBAmBDwAHkAJkA^kC', 'summary_polyline': None}"
624726,Climb out of Side Winder,697.95,4.5,170.2,281.0,249.6,31.2,44.564109519124,44.5632194448262,-71.985014397651,-71.9833524338901,0,Lyndon,VT,United States,27753,10274,"{'effort_count': 1, 'pr_elapsed_time': '0:07:30', 'pr_date': '2018-08-04'}","{'id': 's624726', 'polyline': 'u|~nGjqjvLJDZMJ@J\\AFKDGHFJHDJHJXFADWHOFDJ`@DDd@[NL@NHBNAFFNEBOLEb@\\RSAYO_@GKAKg@e@GF]OYg@@DXARETBLAh@RDEBQGKa@S_@IMIk@y@_@u@l@p@XRb@BPGSJG?USS[e@_A?m@FO', 'summary_polyline': None}"
624878,"09/05/10 Irvine, CA",2388.46,9.1,63.1,264.1,47.2,228.87,33.571078,33.5756252,-117.8098913,-117.7938666,2,Laguna Beach,CA,United States,36738,4616,"{'effort_count': 4, 'pr_elapsed_time': '0:20:56', 'pr_date': '2017-05-29'}","{'id': 's624878', 'polyline': 'ez{kEzv`nUTJ\\TXL\\HZBrBEj@Br@VZKL[?w@Iu@Ai@Oe@SUu@QMAYOBB@AHJMIHAM@HEC?@?CEICo@e@KCq@AWKc@gASU]Ca@?[IyAg@UKUYK[Ca@?kA@a@LYd@m@DMOOQEQSMUUeB?_AG]WSSU[KOUCc@De@Jc@Ri@l@y@t@oAtAoHj@_C?m@I{AFe@Re@p@u@N_@Lc@Hs@Ea@MYWWUM_A[m@c@_BaBe@o@g@eAUgAC_AOw@c@cAc@iAS{@Uo@UWUKu@CeBSkAk@_B]s@[MSUi@', 'summary_polyline': None}"
625217,Marguerite climb,817.925,4.6,19.7,88.0,43.0,44.52,33.599824,33.603705,-117.867296,-117.860604,0,Corona Del Mar,CA,United States,33070,4753,"{'effort_count': 10, 'pr_elapsed_time': '0:03:33', 'pr_date': '2014-11-24'}","{'id': 's625217', 'polyline': '{malEr}knUeAeAe@_@q@_@qB_A{@k@cAcAi@u@Q_@Uk@Ok@Mm@Iy@EeBFmBAaBCi@UwAU}@Wq@k@eA_AgAiAw@', 'summary_polyline': None}"
625425,"09/09/10 Golden, CO",1765.34,5.4,13.4,2214.4,2118.3,107.36,39.7006165,39.6918685,-105.2448617,-105.2454604,1,Golden,CO,United States,5561,2250,"{'effort_count': 1, 'pr_elapsed_time': '0:10:04', 'pr_date': '2016-06-21'}","{'id': 's625425', 'polyline': 'y_iqFlsjaSl@lAHVx@nF?tAGpAA`AJlAx@zD\\n@^RxAb@rAZpAPh@SHe@Kg@k@aBCWAi@NmEDq@Po@`@YdBq@v@Ij@TNTfA`Dl@x@`@Fd@Sb@_@z@_@z@W^Gp@F|@pAj@P\\Id@g@LI~@MjBK`@ODc@_@_CNm@h@a@hAeAPU\\o@', 'summary_polyline': None}"
625906,"09/13/10 Golden, CO",2044.82,5.2,15.4,2356.4,2250.3,105.57,39.7126516,39.7103412,-105.2726483,-105.2925683,1,Golden,CO,United States,16133,4735,"{'effort_count': 1, 'pr_elapsed_time': '0:10:50', 'pr_date': '2017-06-25'}","{'id': 's625906', 'polyline': 'akkqF`apaSbADz@O^Q~AqAx@w@f@ALTz@lBh@nBd@lB^zBNrAj@nHz@zMJbCDnBCbBqAjc@GjCCdD@bGCbCItBSpCUfB_AjF', 'summary_polyline': None}"
627254,I think I can to fence line,2190.51,1.9,19.3,275.6,230.4,73.0601,33.5727471,33.5882447,-117.796408,-117.7852624,0,Laguna Beach,CA,United States,44694,5386,"{'effort_count': 4, 'pr_elapsed_time': '0:09:34', 'pr_date': '2015-11-24'}","{'id': 's627254', 'polyline': 'sd|kEpb~mUEWUu@Ug@w@iCSg@OS[KkCS]ISO_A]s@Ma@Kk@a@OQOi@?gADy@M_AYc@UM_@Mq@e@kAsBg@o@Y[iAs@{@e@w@Yk@_@uAs@u@i@}@_Aw@Ya@GgAMkAEm@Ge@MkBaAgCo@i@Ws@g@qAe@YAgBHm@N]B]Jc@DcBYsFoAaAOw@Ue@Ym@cAu@_Bq@}AMOq@uA[e@KUYiA', 'summary_polyline': None}"
627309,Fence line,1688.77,-0.5,15.6,303.0,275.1,29.8009,33.5912125,33.5993765,-117.7830142,-117.7943049,0,Laguna Beach,CA,United States,100436,9000,"{'effort_count': 10, 'pr_elapsed_time': '0:06:20', 'pr_date': '2016-04-24'}","{'id': 's627309', 'polyline': 'ax_lEzn{mUgAMONmAMYEIG[CSKGSQSQKSNOTWRc@HUPyAt@SXcA\\gBfAQPa@HSNc@`ASt@MtAK`BId@M`@C`@a@fACRAf@G`@@RGb@OLULKRQNCz@Gh@GNEfAVlBR`AFLLr@Xx@ORWHSNi@Vi@Pm@j@g@n@}ArCg@nB]v@SVCx@Qj@i@n@e@dAsA^m@d@S^SJM?', 'summary_polyline': None}"
627809,Waipiti Trail / Ponderosa,4597.71,6.2,49203.1,2091.0,1807.4,296.085,40.1491052,40.1745871,-105.3002352,-105.2991791,2,Longmont,CO,United States,13578,4289,"{'effort_count': 1, 'pr_elapsed_time': '0:43:16', 'pr_date': '2018-06-06'}","{'id': 's627809', 'polyline': '{r`tFnmuaSUC_@QKAUBg@b@MEIEIDIPGBBCGLUB_@IEEa@KYOa@GYYi@UgAQe@DO?mASm@Gw@B_@C]Go@Ag@W[]eAq@]IYMa@I]M[_@_@Q{@QmAI]G]M]SUCWYc@Yg@Sk@|@k@b@e@V}@Aw@Sc@?o@Tm@]WPU@CRBNAj@CXH\\N^@b@C`AJ^NTLNTJNRCTEBS@e@EiAOWKSCQMQWUMSSe@O_A}@C?c@Ok@QKBWP?j@R|@N\\~AjBVf@JZVn@Qb@WHu@]{@u@YCm@QOI_@B[EY@_@KE@]Cc@G]Wc@cAa@_BO[s@sBK]Wi@iA}@GIm@Ku@_@e@]m@o@Q]c@]e@E]G[M[Uc@w@m@c@OGw@BOE[FaAKk@Uk@GwBAi@KIBELb@v@NPz@jCVd@dA~DZp@PrADj@AX_@T_@X_AVm@ZWEy@]g@q@WYk@_@[[s@cAa@c@oAgBmAeAcAiAm@i@w@]aAs@w@Oa@JkAUiDW_@Wa@GqAm@Q?]IW?@A?PL^CEABCMCUDAADGE@D@@?KEW@GAJJNDLKAEB@BJNMw@EF@@@CAFAMCAAFHO?ZHQ?CIXHEBBAEC?AEFKEB@KADMP?CCD@b@d@pAJv@b@x@Rl@TPFJXx@NFc@Xc@d@S`@AV]n@e@R_@L[?]EYH[A]GUOKK', 'summary_polyline': None}"
627873,Green Mtn East Side Grind,993.414,10.7,40.8,1984.3,1877.5,124.26,39.69068443402648,39.69300052151084,-105.15262048691511,-105.15913029201329,1,Lakewood,CO,United States,21977,5395,"{'effort_count': 2, 'pr_elapsed_time': '0:11:03', 'pr_date': '2017-09-01'}","{'id': 's627873', 'polyline': 'wagqFzrx`SH~@DJZb@BLKFw@Ki@A]Gw@EQa@EQCs@CIC?EdAFbBBLNXZVR\\VNJZDVAXM|ADXp@p@BDARg@nAMj@EJQJSFgAR[Lm@h@[He@Du@Za@EG@CFAP@fBGrEIj@E`B', 'summary_polyline': None}"
629076,Quail to Shady Canyon,3787.85,2.9,26.0,201.1,75.1,193.224,33.6490624,33.6296119,-117.7818124,-117.7680083,0,Irvine,CA,United States,9282,1869,"{'effort_count': 1, 'pr_elapsed_time': '0:25:23', 'pr_date': '2016-04-22'}","{'id': 's629076', 'polyline': 'saklEjg{mU^y@Ni@TsANi@z@mBb@kAZg@n@o@\\St@WdAU\\DZKd@UJIRCXKtASl@APBfBj@nAND@P`@JJfBh@l@HlCD~@Nh@T`@BZKXg@Gq@BeA\\_@bC_@j@Bv@HfBHh@LbA\\|AQ^WTi@nAmBn@m@POdA]VJDFP`@F|@T\\Rd@h@p@bA]^i@DQh@eATaA?_@B?HLCUCaAQkAH?NFJCAOc@s@REIMGe@HqACk@HAPLEq@DUX]Fg@JmCR[TDNR`@HPA\\UTDPMVg@H[ERPiB?k@I{AD{@TyA^y@l@k@Rk@IK]K}AAk@a@e@mAuAaB}@{@Km@L@X`@^NXAZBrB^rD`@|A`@\\Ld@Fn@Mp@UvJ{Dp@e@j@g@t@g@t@w@XI', 'summary_polyline': None}"
629538,Willow to Ridge Park Road,2974.44,1.1,10.0,303.9,254.4,75.4637,33.5901424,33.6055226,-117.7773477,-117.8005056,0,Laguna Beach,CA,United States,78097,7120,"{'effort_count': 2, 'pr_elapsed_time': '0:17:39', 'pr_date': '2017-05-29'}","{'id': 's629538', 'polyline': 'kq_lElkzmU}@b@mAbAa@Rk@D]?WHW\\YvAo@pBWv@St@_@r@Mp@K`@Sf@a@`BoChHm@r@kAZ_@^i@hAk@b@y@R]T_@h@k@`BOt@GnAKr@a@vAo@dBu@fDg@zAK`BClBEbAMz@mAxD[vAWp@KNgAfAu@n@Yb@uAnDe@|@oC|Ca@Pw@L}C_@_@?i@H_@Ja@Pc@XWVSRi@|@}@bA_@Xw@Va@D{@XmCxB{@jAc@bAyA`EU`A]bAOn@UlBEn@@xAO`B', 'summary_polyline': None}"
630574,"Luge (Flag to Creek Bed, All DH)",1523.88,-12.6,-3.5,619.4,427.2,0.0,33.6945901717991,33.6871279310435,-117.59726414457,-117.602118104696,0,Silverado,CA,United States,94995,9651,"{'effort_count': 1, 'pr_elapsed_time': '0:13:09', 'pr_date': '2014-04-20'}","{'id': 's630574', 'polyline': 'e~slE|ewlU^e@R_@FQJy@TW|@k@DIn@GXMf@_@p@KXJz@Hn@`@RRHZAx@Hl@AJD~@PTJBPXA\\k@rA?^D`@BJZRJXFFJGR[TFLLGt@ILo@JIFANv@@TPnA^P\\RbAPTZ?TFTx@F\\TF\\A\\Hp@h@nAMJR^Z`@H\\PVWXFz@p@Vb@JFNP^GRMJUD_@^y@RJFR@~ANXRTHDDHMBIAQDVd@', 'summary_polyline': None}"
634793,Cleator Road,3459.95,8.5,1600.0,441.4,121.2,0.0,48.667683,48.665752,-122.481898,-122.467778,3,Bellingham,WA,United States,1532,605,"{'effort_count': 1, 'pr_elapsed_time': '0:48:25', 'pr_date': '2018-07-18'}","{'id': 's634793', 'polyline': '_l`hHzfqjVME[@FAoAFDAy@LRES@q@TcCj@}@\\o@Pe@RgAZ_@B}@PHAc@DmAD}A^aA@c@LXK[JAG@FAGA?@FAG@Fa@ETC}@JqAZQ?L?sAFcA@q@C}A@w@C[EM?@?w@EyAW]Oc@g@g@aBWoAm@kBE_@Ae@Ka@AU@QBMAWBy@GISQKCa@?DEu@PDAc@FALCKOHo@RIHS@MHCC@ACFQFGBACQFOBYNSRa@Rw@p@o@Va@Dc@MAMCC@IJMDMNODINKJOb@Sb@IfBwAd@m@r@u@jAsAl@i@d@WNMd@k@LUf@e@v@k@b@WfAYv@o@v@c@H@FGTCj@OZQz@y@pAcBb@e@\\g@NKJUdAo@HAp@SDKLBRS^Y^_@Xi@n@a@Lc@HANQn@mATU`@[d@s@r@w@r@mATYJ_@Zm@LMLIn@i@v@iAv@w@j@a@~@_APKl@s@LU`@a@t@q@RGv@i@XMTQhB_BJEz@s@LMHC|@}@pA_APe@', 'summary_polyline': None}"
640086,Moro Ridge Climb,2494.41,2.4,349.0,293.8,233.3,96.6124,33.5734324,33.5915704,-117.7948424,-117.7829394,0,Laguna Beach,CA,United States,40597,5084,"{'effort_count': 2, 'pr_elapsed_time': '0:12:12', 'pr_date': '2015-11-24'}","{'id': 's640086', 'polyline': '}h|kExx}mUUIwAI}@KcBw@w@Ka@Ku@e@Q[@@K]Ck@FqACu@Qg@]We@Oe@UaAeBs@gAcA{@}@g@mEwBs@a@yAyAw@WsC[g@?YCo@OyCuAwA[sBiAq@Wm@CwAFqCb@}AWgCk@wDu@gA][U[g@cAyBc@eAWe@W]O]a@s@Qe@YiAcAeB_@{AIO]y@Q[c@i@w@o@]KO@SCm@A?Ay@K_DWkAOKG', 'summary_polyline': None}"
640860,White Ranch,4411.23,9.2,29.8,2278.3,1871.4,451.48,39.80121516622603,39.81178214773536,-105.24919845163822,-105.28089294210076,3,Golden,CO,United States,24766,5776,"{'effort_count': 1, 'pr_elapsed_time': '1:03:38', 'pr_date': '2018-11-08'}","{'id': 's640860', 'polyline': 'qt|qFnnkaSIj@[b@GZHP@t@U|ABXCd@HVQd@WhBQnCQj@Mj@a@jAOf@eAtBQd@a@jBm@|Ak@bEY|AGdBODHOQMINCr@IP?HJ\\PLBZKTUAa@I[?k@Ig@Hc@n@g@Li@FYJIh@K^KBYu@O?SPU\\GNW?]NWAYFUZOLk@~@SPU@ULMZSNo@v@UPGZ@ZO`@U|@FTN?h@_@h@m@p@[^Cr@P`@Dr@\\XARELBT?VP`@dAPVn@d@LVPFh@I^?b@NN`@A\\K`@E^FZz@pATr@ZLd@\\XZNTLd@b@x@n@t@NZF\\GXUFQ@OGs@Ea@?UE[Os@k@m@w@]WOCGL?`@RfADl@Tz@Xn@ZfBHx@AVK^W`@m@^Y^I\\Af@N|CF\\z@fAAVk@j@MRO\\E\\a@hEO~BK~BIROL{@NSCYMUFQNOZ]~BYhAOxA?`@Od@w@bB_@t@c@p@Qf@Yd@a@V_@b@Qh@QbB]jAAVEROHq@FYXM^QtAKd@c@bAKLWLoAf@mA`AsAN_@Hy@b@[Te@f@W\\m@fAOd@SZ]Z[`@a@\\', 'summary_polyline': None}"
641183,Wapiti to Wild Turkey,3510.7,5.5,20.0,2039.8,1845.2,194.6,40.15652890317142,40.17350141890347,-105.29803787358105,-105.2964501734823,2,Boulder,CO,United States,33297,7236,"{'effort_count': 1, 'pr_elapsed_time': '0:30:34', 'pr_date': '2018-06-06'}","{'id': 's641183', 'polyline': 'gabtFv_uaSM?IHGRS`@gAn@{@@k@Ms@CK@YNUDKI[MIDGJWNOMC?CDJLLb@?j@Lb@H^IbAB`@JVXVLXRv@C@GCGKe@SE?OFo@Cm@SIGQSS_@QSe@Yi@KWWKUEAWCe@KK@OBUBMFIJGJ@Lb@rAf@^d@p@Nn@HNLZD^Rh@DHXV?JC?c@QWOOSICKSa@[QC]?MGc@?MCk@BWGWAGCQDW?i@SWQYY]g@WoBSe@Kc@KQG_@o@wAKOSUg@UKK]IYYQIMAEGAIGCAEYOEE]MMWIICKWc@SMGC[Hc@GGSSMEOUG_@m@o@[IBc@?EAEESEOBYEECm@?OE]@WCMBK?WGK@YEQIo@KOBKCM?GJH`@V`@Pf@JHHd@b@jA^z@Dx@A`@Fd@Tj@D\\JLLl@AXFh@?ZBP?b@BJEh@CDy@ZK?YIe@IUQa@MKQ]MOKAIe@}@OAUOE?_@a@_@{@QKMQOM_@y@WOKW]QGO_@[CG[SQSGCMCI]YYOCGIUEWSYMWWWOIIw@E_@PUQYKq@Ko@?KEO?SEC?QCsAk@[SO?a@MKB]AS@', 'summary_polyline': None}"
641816,Bear Lake Dam climb,591.225,3.2,15.6,1733.1,1714.1,19.71,39.6572590735836,39.66195947491585,-105.1419888632562,-105.1435981076081,0,Lakewood,CO,United States,66054,9702,"{'effort_count': 4, 'pr_elapsed_time': '0:02:16', 'pr_date': '2014-03-17'}","{'id': 's641816', 'polyline': 'yp`qFlpv`SIG{@e@i@I{@VgBr@qDtAsAj@mA^c@Vo@T[Ra@Xg@h@YP]FMFWDa@?IEEKAMHMAJ', 'summary_polyline': None}"
642127,green mt hayden climb,2398.81,6.8,30.7,2087.0,1922.0,166.8,39.68848334625363,39.697752725332975,-105.15667514875531,-105.16881977207959,2,Lakewood,CO,United States,23557,4555,"{'effort_count': 4, 'pr_elapsed_time': '0:20:15', 'pr_date': '2018-09-29'}","{'id': 's642127', 'polyline': '_tfqFfly`SW`@MFKCSUK?i@b@QRUNQX@DTONC\\BHFBN@hAFN^RNRHZTb@FtAEBGSEGQM[Qa@KW@KJGh@IfCGh@On@ONOFOAc@M{@k@SUIAGF]pAsApCGDWFo@BMK_@a@GAAJ@HXz@j@r@Rb@@V[dB[h@]`@YRo@|@q@d@s@V?J^ZA^Wd@Wr@AD@DL@v@CtAQXBLDJHFJLXR|@?NPZFXAHQNQX]p@EnAETCDWJO?cAKq@d@c@FOAc@MYC_@Me@Ge@@WFq@`@KTOx@?fAIPI@ME{@w@k@Og@L]Ra@h@M\\a@vBEPQZWLM?wAYw@GO?MBg@ZcAx@m@^y@z@KHQB', 'summary_polyline': None}"
642986,93 to White Ranch Lower PL,2832.43,1.7,7.4,1914.2,1852.2,67.4,39.77879072539508,39.79773080907762,-105.23252600803971,-105.24754227139056,0,Golden,CO,United States,6497,1393,"{'effort_count': 11, 'pr_elapsed_time': '0:08:19', 'pr_date': '2014-09-27'}","{'id': 's642986', 'polyline': 'mhxqFhfhaSDt@Ab@@`CAhLBlKE`CUfBQj@[n@m@x@yBpB]Le@F_G@gBCgCBS?_@FeDDuAFc@LwDjB{@Vu@PyARcBPiBJmDf@mBZwCz@iDhAuDxAgCdAgB~@WNaAfAgAdBoAvASNk@X_C|@{JdFeBfAeA|@IJ_@P', 'summary_polyline': None}"
643016,Baldy,2781.23,8.3,39.7,2440.3,2208.4,279.09,39.36012467391686,39.37024490643702,-105.3208184365693,-105.3405027711335,2,South Jefferson,CO,United States,12173,5038,"{'effort_count': 1, 'pr_elapsed_time': '0:27:48', 'pr_date': '2018-04-22'}","{'id': 's643016', 'polyline': 'wofoFbnyaSs@v@WLc@@[FKJw@`AIRUz@e@n@K\\Cd@ELe@z@OPKXAR?pACTUbAGp@ENS\\Md@Ul@YZSZUf@ILe@dAMd@MXi@x@_@VEJKT]~Ae@|@m@dC[ZKXCLBXf@tAHx@BhBE^G~@Id@]rAOXELE\\o@dAKT?PHP\\f@f@^H^?ZHd@V`AFb@Rn@Nz@Pf@Fp@Nb@VVFLBf@Ad@Eb@KZSVMBo@@[Fq@H{@G_As@SIME[JS@wATs@?aAJ_@PWPMNEL@LFTBXP^BNALEFQLg@PM?u@OQ?c@Hu@`@a@XuAXSLc@b@iAVKFUPG\\M^Ej@EJSLg@PONIBGCc@e@QIGABV?NGTHl@\\bBTFZd@JLLJJBHUd@ON?Yd@On@IJc@NKHWLm@t@@J', 'summary_polyline': None}"
643116,Captain Jack's,3819.26,-5.1,11.6,2402.6,2204.2,11.4,38.80087089724839,38.799795750528574,-104.89939874969423,-104.88394679501653,0,Colorado Springs,CO,United States,35806,5145,"{'effort_count': 1, 'pr_elapsed_time': '0:20:20', 'pr_date': '2018-05-05'}","{'id': 's643116', 'polyline': 'mhykFfdg_SWI_Ac@w@SqAc@GIcAi@oBa@u@W[UAISJUBYJ_@?]@SCg@Om@Dm@IOG}@eAUu@AUGK}@k@OQi@c@eAo@OYIEWW]WG[?OLcAEODi@Ji@DMPSl@e@z@KRQLG`A{@@aABc@FM@[Ia@Eo@RcAD_AH_@r@aARQl@]JKCQa@s@Ya@c@UcA[YOUW]aAI[Sg@@WHUHKB]Ae@Ia@Ko@@MHc@CIFYBy@g@aAEQFm@Y_@Qa@Y[Wo@C]?ONyAH_@Es@Ts@FKL{@C]t@}@FMZUj@LJ?JWJs@?MNGb@BVA\\Mn@}@d@c@n@]TYJEpBe@`BWHBHCPUNoAVi@VK`@[VMf@_@`B_@LAVPL@n@e@zAAPIVEJ@NJJNNd@?d@Dl@KVUVuAn@YBWC_Bg@c@FELCl@MZCJBzAITQLa@JgAh@_@l@KVm@j@Ot@MVa@Vo@NJV`@h@V@f@]NO?Mb@m@HGXKLUVGVZZHL@JETSREn@Tb@WZI`@e@PMP?XKVSVk@FE^Kr@K', 'summary_polyline': None}"
